"","Kingdom","Phylum","Subphylum","Class","Subclass","Superorder","Order","Family","Genus","Species"
"35575e116e325762dc8dd4b84658d0f40e9893bc","Animalia","Chordata","Tunicata","Thaliacea","Subclass","Superorder","Pyrosomatida","Pyrosomatidae","",""
"856adbbd6780d096aa923a18481a9884b70edf25","Animalia","Chordata","Tunicata","Thaliacea","Subclass","Superorder","Pyrosomatida","Pyrosomatidae","",""
"752ee5d1eb330fc163da83ca9ce2b4b43c516f38","Animalia","Chordata","Tunicata","Thaliacea","Subclass","Superorder","Pyrosomatida","Pyrosomatidae","",""
"3c32d58513825484c47705b7d424175ab81ca09e","Animalia","Chordata","Tunicata","Thaliacea","Subclass","Superorder","Doliolida","Doliolidae","",""
"22cf259c5c1e40823b8c7c662c68799ce9da7c3c","Animalia","Chordata","Tunicata","Thaliacea","Subclass","Superorder","Doliolida","Doliolidae","",""
"72262f3ea777186cfb5037a556e68c064452885a","Animalia","Chordata","Tunicata","Appendicularia","Subclass","Superorder","Copelata","Oikopleuridae","Oikopleura",""
"78b80eb0dd32488880fe91cf1b505f4b8caa158e","Animalia","Chordata","Tunicata","Thaliacea","Subclass","Superorder","Salpida","Salpidae","",""
"af1203ec12d6af68537b36fdfea79e3a53934f11","Animalia","Chordata","Tunicata","Thaliacea","Subclass","Superorder","Doliolida","Doliolidae","",""
"7bf0be7119bb91de892908c5345dccba4f9f3c2c","Animalia","Chordata","Tunicata","Appendicularia","Subclass","Superorder","Copelata","Oikopleuridae","Oikopleura",""
"e8c867b771f1595f664b51c1e7f55e562918988d","Animalia","Ctenophora","Subphylum","Tentaculata","Subclass","Superorder","Lobata","Bolinopsidae","Mnemiopsis","Mnemiopsis leidyi"
"ba8a3abb314f0832bdd308d5785636a9abb6baf8","Animalia","Chordata","Tunicata","Appendicularia","Subclass","Superorder","Copelata","Oikopleuridae","Oikopleura",""
"dd7072b661c5b53f5177a820ab2c1ca431c1df7b","Animalia","Chordata","Tunicata","Thaliacea","Subclass","Superorder","Salpida","Salpidae","Pegea",""
"fbfd432177da075bc43563eef1f4e10fefa4ebdf","Animalia","Chordata","Tunicata","Thaliacea","Subclass","Superorder","Salpida","Salpidae","Pegea","Pegea bicaudata"
"1d078a9daefb4967a95b5f1d77c61355caa6223d","Animalia","Chordata","Tunicata","Appendicularia","Subclass","Superorder","Copelata","Oikopleuridae","Oikopleura",""
"1b30f8c063574b0c3aac58c74e0f02d0c0228850","Animalia","Mollusca","Subphylum","Gastropoda","Heterobranchia","Superorder","Pteropoda","Cymbuliidae","Corolla","Corolla spectabilis"
"c3d27667443701f5d020978d4745bc24bc060824","Animalia","Mollusca","Subphylum","Gastropoda","Heterobranchia","Superorder","Pteropoda","Limacinidae","Heliconoides","Heliconoides inflatus"
"d0d2d89096635aaf76325c9028c2d9789e2d11b7","Animalia","Mollusca","Subphylum","Gastropoda","Heterobranchia","Superorder","Pteropoda","Cliidae","Clio","Clio pyramidata"
"74f9bdd8535b4c6fc6cb14fdc86019d1de069cb0","Animalia","Cnidaria","Subphylum","Hydrozoa","Hydroidolina","Superorder","Siphonophorae","","",""
"9a70de23c085314e6ab43e55dcb56fce70587663","Animalia","Cnidaria","Subphylum","Hydrozoa","Hydroidolina","Superorder","Siphonophorae","","",""
"4542bee4db4c3075a68a0a82768eab3497580077","Animalia","Cnidaria","Subphylum","Hydrozoa","Hydroidolina","Superorder","Siphonophorae","","",""
"49acecd02ccd5770ea0f75f351550aa447901a5c","Animalia","Cnidaria","Subphylum","Hydrozoa","Hydroidolina","Superorder","Siphonophorae","","",""
"e254e33a5ce70445a89c326c686d0ca16778faa0","Animalia","Cnidaria","Subphylum","Hydrozoa","Hydroidolina","Superorder","Siphonophorae","","",""
"22f1ec3a74efca08ef985512c0e9e5051929cb0c","Animalia","Cnidaria","Subphylum","Hydrozoa","Hydroidolina","Superorder","Siphonophorae","","",""
"28d1883dd1baab3f27d82b03564f980937dca168","Animalia","Cnidaria","Subphylum","Hydrozoa","Hydroidolina","Superorder","Siphonophorae","","",""
"6547039dd00e65b3e99ba4c1919dc734cbd0f7f1","Animalia","Cnidaria","Subphylum","Hydrozoa","Hydroidolina","Superorder","Siphonophorae","","",""
"17d1369c8eb3c8380413849c3744429dd0f53cb5","Animalia","Cnidaria","Subphylum","Hydrozoa","Hydroidolina","Superorder","Siphonophorae","","",""
"df832e9ac96ccc22295e89bb6da4f3f1a561cd02","Animalia","Cnidaria","Subphylum","Hydrozoa","Hydroidolina","Superorder","Siphonophorae","","",""
"80fb1821eda63ad71c20ba79401e2148bba8a5c5","Animalia","Cnidaria","Subphylum","Hydrozoa","Hydroidolina","Superorder","Siphonophorae","","",""
"0171cc759ee283cc9c17ac4964b6e648bd6aef3b","Animalia","Arthropoda","Crustacea","Hexanauplia","Copepoda","Gymnoplea","Calanoida","Clausocalanidae","Pseudocalanus","Pseudocalanus elongatus"
"0260bfbe825d95aca7b54a0909f97b59dc580e78","Animalia","Arthropoda","Crustacea","Hexanauplia","Copepoda","Gymnoplea","Calanoida","Metridinidae","Pleuromamma",""
"0656642f62c1149ffd9a6000db43c45838593471","Animalia","Arthropoda","Crustacea","Hexanauplia","Copepoda","Gymnoplea","Calanoida","Clausocalanidae","Clausocalanus","Clausocalanus furcatus"
"0a7d08e86294ec5dfcde2f0af15831906a30bd24","Animalia","Arthropoda","Crustacea","Hexanauplia","Copepoda","Gymnoplea","Calanoida","Metridinidae","Metridia",""
"0de53510347e58dabda2dc43270f04ad3ea2da5c","Animalia","Arthropoda","Crustacea","Hexanauplia","Copepoda","Gymnoplea","Calanoida","Clausocalanidae","Ctenocalanus","Ctenocalanus vanus"
"10c3d1c8405b910ef842f394542a5580dc7e9010","Animalia","Arthropoda","Crustacea","Hexanauplia","Copepoda","Gymnoplea","Calanoida","Metridinidae","Metridia",""
"114d9a26e85197775de9b4d539b22900e02bb33c","Animalia","Arthropoda","Crustacea","Hexanauplia","Copepoda","Gymnoplea","Calanoida","Scolecitrichidae","Byrathis","Byrathis penicillatus"
"14185f4dd88bc581f98ab10ffd2cb11423e579a1","Animalia","Arthropoda","Crustacea","Hexanauplia","Copepoda","Gymnoplea","Calanoida","Clausocalanidae","Pseudocalanus","Pseudocalanus elongatus"
"14b9ad84102f6b00cde2ca65946dd1e9ce5121c3","Animalia","Arthropoda","Crustacea","Hexanauplia","Copepoda","Gymnoplea","Calanoida","Rhincalanidae","Rhincalanus",""
"14c23d62f3cde5e060e5aa22522eeea5c941e860","Animalia","Arthropoda","Crustacea","Hexanauplia","Copepoda","Gymnoplea","Calanoida","Metridinidae","Metridia",""
"16fafc94960ff7254af063b9d034237af0c99bb0","Animalia","Arthropoda","Crustacea","Hexanauplia","Copepoda","Gymnoplea","Calanoida","","",""
"1784e869dc2724619a035c17ab1fff64ceb125f7","Animalia","Arthropoda","Crustacea","Hexanauplia","Copepoda","Gymnoplea","Calanoida","Rhincalanidae","Rhincalanus",""
"19e2d8924e99f1a60555875f40f2f4abbcb91b22","Animalia","Arthropoda","Crustacea","Hexanauplia","Copepoda","Gymnoplea","Calanoida","Clausocalanidae","Ctenocalanus","Ctenocalanus vanus"
"1a08bb6d37d7924e5dab4c0408f64896eacb991a","Animalia","Arthropoda","Crustacea","Hexanauplia","Copepoda","Gymnoplea","Calanoida","Clausocalanidae","Clausocalanus","Clausocalanus furcatus"
"1ab3bca392087a2194bf40e8c0e37d000a0a7081","Animalia","Arthropoda","Crustacea","Hexanauplia","Copepoda","Gymnoplea","Calanoida","Paracalanidae","Paracalanus","Paracalanus parvus"
"1c13e9ef7e8cb97448c9556c5cae61a9ab171c33","Animalia","Arthropoda","Crustacea","Hexanauplia","Copepoda","Gymnoplea","Calanoida","Rhincalanidae","Rhincalanus",""
"1da9dc29d5832bb4022e894cbce86897df521a33","Animalia","Arthropoda","Crustacea","Hexanauplia","Copepoda","Gymnoplea","Calanoida","Calanidae","Calanus",""
"1e823715b95b2e76d7b69608b26072704c7c2ef1","Animalia","Arthropoda","Crustacea","Hexanauplia","Copepoda","Gymnoplea","Calanoida","Metridinidae","Pleuromamma",""
"2010a621a13cf49374bf4c950a42175421a652b0","Animalia","Arthropoda","Crustacea","Hexanauplia","Copepoda","Gymnoplea","Calanoida","Calanidae","Calanus","Calanus helgolandicus"
"207114b11583026b14531339aeff5641dd94caec","Animalia","Arthropoda","Crustacea","Hexanauplia","Copepoda","Gymnoplea","Calanoida","Calanidae","Neocalanus","Neocalanus cristatus"
"21ed13fe3ace8060314f604c98eb7b593d0e6ba2","Animalia","Arthropoda","Crustacea","Hexanauplia","Copepoda","Gymnoplea","Calanoida","Metridinidae","Metridia","Metridia pacifica"
"247f09ccc8ae0ecc2da039900610e5494db93abe","Animalia","Arthropoda","Crustacea","Hexanauplia","Copepoda","Gymnoplea","Calanoida","Eucalanidae","Eucalanus","Eucalanus californicus"
"2b07110b4f28ab3f99f5fc9b443fbc7a69f151f6","Animalia","Arthropoda","Crustacea","Hexanauplia","Copepoda","Gymnoplea","Calanoida","Clausocalanidae","Clausocalanus","Clausocalanus furcatus"
"2cfd457adc6936d89195dd4765ae81286f8b0ed5","Animalia","Arthropoda","Crustacea","Hexanauplia","Copepoda","Gymnoplea","Calanoida","Metridinidae","Metridia","Metridia pacifica"
"2e7fd9b83cde32c49dd67fab73609fefc6b7bec1","Animalia","Arthropoda","Crustacea","Hexanauplia","Copepoda","Gymnoplea","Calanoida","Clausocalanidae","Ctenocalanus","Ctenocalanus vanus"
"32c7429ef986d3d6e6568889cab2755dd190fdbc","Animalia","Arthropoda","Crustacea","Hexanauplia","Copepoda","Gymnoplea","Calanoida","Metridinidae","Metridia",""
"341d37f9958a54163d7987e0dc5bb17818c5c7d8","Animalia","Arthropoda","Crustacea","Hexanauplia","Copepoda","Gymnoplea","Calanoida","Calanidae","Calanus","Calanus helgolandicus"
"3638e2bc130cd088660c3c1f0dfea71f1801e86e","Animalia","Arthropoda","Crustacea","Hexanauplia","Copepoda","Gymnoplea","Calanoida","Calanidae","Calanus",""
"363a7fed6b4ef59f0d3847483c765d95cd1bc297","Animalia","Arthropoda","Crustacea","Hexanauplia","Copepoda","Gymnoplea","Calanoida","Calanidae","Calanus",""
"3855bfab8b2afdb2b740530c990e9a2535c5a15b","Animalia","Arthropoda","Crustacea","Hexanauplia","Copepoda","Gymnoplea","Calanoida","Metridinidae","Metridia","Metridia pacifica"
"3a4660f8928b0bba5379764b63c8f98ae30a1d3b","Animalia","Arthropoda","Crustacea","Hexanauplia","Copepoda","Gymnoplea","Calanoida","Metridinidae","Metridia","Metridia pacifica"
"3a7c698a38f760bccb4381b3ff98dec1468bda94","Animalia","Arthropoda","Crustacea","Hexanauplia","Copepoda","Gymnoplea","Calanoida","Metridinidae","Metridia",""
"3b46a0689c4dc296a5046eb3cfb003a0ca04e7fe","Animalia","Arthropoda","Crustacea","Hexanauplia","Copepoda","Gymnoplea","Calanoida","","",""
"3b4deef68ab606924924048c116ef0c7c34ec1f4","Animalia","Arthropoda","Crustacea","Hexanauplia","Copepoda","Gymnoplea","Calanoida","Metridinidae","Pleuromamma",""
"50ae18a387ee0c27a601b2de29233b88891665e2","Animalia","Arthropoda","Crustacea","Hexanauplia","Copepoda","Gymnoplea","Calanoida","Calanidae","Calanus","Calanus helgolandicus"
"5153fd153d032ca08987dc412a9c67b6794b21bf","Animalia","Arthropoda","Crustacea","Hexanauplia","Copepoda","Gymnoplea","Calanoida","","",""
"5548f5906a4522e2196d674ad3826fb4fc8430b8","Animalia","Arthropoda","Crustacea","Hexanauplia","Copepoda","Gymnoplea","Calanoida","Metridinidae","Metridia","Metridia pacifica"
"562a6c89616b1cf51f15caa15b0e5a565dfe0427","Animalia","Arthropoda","Crustacea","Hexanauplia","Copepoda","Gymnoplea","Calanoida","","",""
"57032ed98d1880faa541a6164b1166c24a0b0150","Animalia","Arthropoda","Crustacea","Hexanauplia","Copepoda","Gymnoplea","Calanoida","Metridinidae","Metridia",""
"5746f43063ff1ae03ed18e54fec36f56f3bba3ef","Animalia","Arthropoda","Crustacea","Hexanauplia","Copepoda","Gymnoplea","Calanoida","Metridinidae","Pleuromamma",""
"58aec46ab4910cf08bbfda67e8aa7321828ce906","Animalia","Arthropoda","Crustacea","Hexanauplia","Copepoda","Gymnoplea","Calanoida","","",""
"5bed824b32b484e7e3b783c154b19bd28e749adb","Animalia","Arthropoda","Crustacea","Hexanauplia","Copepoda","Gymnoplea","Calanoida","Paracalanidae","Paracalanus","Paracalanus parvus"
"5c28fb044703f8d7dc9a17c20a178f0e34feb322","Animalia","Arthropoda","Crustacea","Hexanauplia","Copepoda","Gymnoplea","Calanoida","Calanidae","Calanus",""
"5c8ad94781a3e58614f1bada8d5faa13dd04610d","Animalia","Arthropoda","Crustacea","Hexanauplia","Copepoda","Gymnoplea","Calanoida","Metridinidae","Metridia","Metridia pacifica"
"5d9ee140b17e218e06fffae434d6dad14ebb91db","Animalia","Arthropoda","Crustacea","Hexanauplia","Copepoda","Gymnoplea","Calanoida","Paracalanidae","Paracalanus","Paracalanus parvus"
"5e14eb69f3ded47e81cbde8662320eb91d4db274","Animalia","Arthropoda","Crustacea","Hexanauplia","Copepoda","Gymnoplea","Calanoida","Metridinidae","Metridia",""
"5eb4964f39d7646d3f23200215f56a18b69ea8c6","Animalia","Arthropoda","Crustacea","Hexanauplia","Copepoda","Gymnoplea","Calanoida","Clausocalanidae","Ctenocalanus","Ctenocalanus vanus"
"6719cb4eb8e5354c1a45ffde7b33672581382a84","Animalia","Arthropoda","Crustacea","Hexanauplia","Copepoda","Gymnoplea","Calanoida","Paracalanidae","Paracalanus","Paracalanus parvus"
"6950a504c858e51241cac98cb4b1b8cad81eff0e","Animalia","Arthropoda","Crustacea","Hexanauplia","Copepoda","Gymnoplea","Calanoida","","",""
"6b976e008f3c98aa86cb64aa686cbfcb409c8f0a","Animalia","Arthropoda","Crustacea","Hexanauplia","Copepoda","Gymnoplea","Calanoida","Metridinidae","Metridia","Metridia pacifica"
"6db8cc221939cdc8c55a0191ffe9bdeca0679b0e","Animalia","Arthropoda","Crustacea","Hexanauplia","Copepoda","Gymnoplea","Calanoida","Calanidae","Calanus","Calanus helgolandicus"
"6e6b2ae850506cc0ea7baa4492214e7987501560","Animalia","Arthropoda","Crustacea","Hexanauplia","Copepoda","Gymnoplea","Calanoida","Calanidae","Calanus","Calanus helgolandicus"
"753a30cd9d9896b2077bd467b2c038875725f4cd","Animalia","Arthropoda","Crustacea","Hexanauplia","Copepoda","Gymnoplea","Calanoida","Metridinidae","Metridia",""
"7761526519fda29c5c9ac6663b370054e80b7263","Animalia","Arthropoda","Crustacea","Hexanauplia","Copepoda","Gymnoplea","Calanoida","Calanidae","Neocalanus","Neocalanus cristatus"
"78f54f41acba54d14189a57d673d19a7e9c4b936","Animalia","Arthropoda","Crustacea","Hexanauplia","Copepoda","Gymnoplea","Calanoida","Calanidae","Calanus","Calanus helgolandicus"
"7ed69f089c6a810c9434950899ffa09ad91e3f6d","Animalia","Arthropoda","Crustacea","Hexanauplia","Copepoda","Gymnoplea","Calanoida","Metridinidae","Pleuromamma","Pleuromamma borealis"
"7f93c2356b7a75855bf23901a4a4946a09c74ed6","Animalia","Arthropoda","Crustacea","Hexanauplia","Copepoda","Gymnoplea","Calanoida","Clausocalanidae","Ctenocalanus","Ctenocalanus vanus"
"842a2506f3fd4a072c55a891ee9086fec57ce362","Animalia","Arthropoda","Crustacea","Hexanauplia","Copepoda","Gymnoplea","Calanoida","Calanidae","Calanus",""
"8621efe7a8640bc1c6ee9a6853dc555b10b9601f","Animalia","Arthropoda","Crustacea","Hexanauplia","Copepoda","Gymnoplea","Calanoida","Paracalanidae","Calocalanus","Calocalanus styliremis"
"86a2a84f3e6a8500e7abc6d74a89cb6495f31937","Animalia","Arthropoda","Crustacea","Hexanauplia","Copepoda","Gymnoplea","Calanoida","Metridinidae","Metridia",""
"894f73dc6883f29a838304fd218efdfaf12bd154","Animalia","Arthropoda","Crustacea","Hexanauplia","Copepoda","Gymnoplea","Calanoida","Calanidae","Calanus","Calanus helgolandicus"
"929371ba7bc4e9291b5d49829c93c66c67d836c3","Animalia","Arthropoda","Crustacea","Hexanauplia","Copepoda","Gymnoplea","Calanoida","Metridinidae","Pleuromamma",""
"961cd5ce154310c7fd54468560aca8d35041c8c7","Animalia","Arthropoda","Crustacea","Hexanauplia","Copepoda","Gymnoplea","Calanoida","Paracalanidae","Paracalanus","Paracalanus parvus"
"97d5948bd4b4362b9bfcff8f47c1af49259ea0d2","Animalia","Arthropoda","Crustacea","Hexanauplia","Copepoda","Gymnoplea","Calanoida","Metridinidae","Metridia","Metridia pacifica"
"97eba237b82c30ea20f6265eafa44e2dcba9c3da","Animalia","Arthropoda","Crustacea","Hexanauplia","Copepoda","Gymnoplea","Calanoida","Metridinidae","Metridia","Metridia pacifica"
"9a2f45f6bd9781d52b355893e422fceef3e600a1","Animalia","Arthropoda","Crustacea","Hexanauplia","Copepoda","Gymnoplea","Calanoida","","",""
"9b9f6e13b644886afad8864d6601b2000dae17a0","Animalia","Arthropoda","Crustacea","Hexanauplia","Copepoda","Gymnoplea","Calanoida","Calanidae","Calanus",""
"9c1f29a7bb544b3ebd2d985b47670334284c6050","Animalia","Arthropoda","Crustacea","Hexanauplia","Copepoda","Gymnoplea","Calanoida","Paracalanidae","Paracalanus","Paracalanus parvus"
"a19023e2938b2d4c19d5e2b8c4962e8bcd73177d","Animalia","Arthropoda","Crustacea","Hexanauplia","Copepoda","Gymnoplea","Calanoida","","",""
"a200a5e36062c3f55c14ae2fa7529f542abf7271","Animalia","Arthropoda","Crustacea","Hexanauplia","Copepoda","Gymnoplea","Calanoida","","",""
"a32d276e30f76e771318e8c516046bc05f72db69","Animalia","Arthropoda","Crustacea","Hexanauplia","Copepoda","Gymnoplea","Calanoida","Metridinidae","Pleuromamma",""
"aa402190637f9ea9de675c56deb415404b7f2a41","Animalia","Arthropoda","Crustacea","Hexanauplia","Copepoda","Gymnoplea","Calanoida","","",""
"af443937679001ea966beb10277f43108c2bc0db","Animalia","Arthropoda","Crustacea","Hexanauplia","Copepoda","Gymnoplea","Calanoida","","",""
"b0c15e6164ee940205efe0f1e1a0a0c19435ec9f","Animalia","Arthropoda","Crustacea","Hexanauplia","Copepoda","Gymnoplea","Calanoida","Metridinidae","Metridia","Metridia pacifica"
"b308f1ff1c8a4490fc47c87f05295b7e5a4a6610","Animalia","Arthropoda","Crustacea","Hexanauplia","Copepoda","Gymnoplea","Calanoida","Metridinidae","Pleuromamma",""
"b39500169f19f6f7dc74cde23a266fe3bd9d8079","Animalia","Arthropoda","Crustacea","Hexanauplia","Copepoda","Gymnoplea","Calanoida","Rhincalanidae","Rhincalanus",""
"b7e0a792f7202517d04a74a0a5b2c65867540302","Animalia","Arthropoda","Crustacea","Hexanauplia","Copepoda","Gymnoplea","Calanoida","Calanidae","Calanus",""
"b7e9dc36de1a879d6ec7460013fa62304a3aabc1","Animalia","Arthropoda","Crustacea","Hexanauplia","Copepoda","Gymnoplea","Calanoida","Rhincalanidae","Rhincalanus",""
"bb43537ab7d266d059e40deb9e1f8536790adc35","Animalia","Arthropoda","Crustacea","Hexanauplia","Copepoda","Gymnoplea","Calanoida","","",""
"bd47ade374a1d1bb53455acb57695af761642b75","Animalia","Arthropoda","Crustacea","Hexanauplia","Copepoda","Gymnoplea","Calanoida","Metridinidae","Metridia","Metridia pacifica"
"c106e1cd25bef13848fb5696229c97e7ec724fc1","Animalia","Arthropoda","Crustacea","Hexanauplia","Copepoda","Gymnoplea","Calanoida","Metridinidae","Metridia","Metridia pacifica"
"c40ce5c9da5927cd51e1e3df99e36cc3984796e8","Animalia","Arthropoda","Crustacea","Hexanauplia","Copepoda","Gymnoplea","Calanoida","Clausocalanidae","Clausocalanus","Clausocalanus furcatus"
"c621ead91f54c394ee29a0669ebe477d85be4b7d","Animalia","Arthropoda","Crustacea","Hexanauplia","Copepoda","Gymnoplea","Calanoida","Metridinidae","Metridia",""
"ce727816c673d819552f1acf79236fc5e4178ce7","Animalia","Arthropoda","Crustacea","Hexanauplia","Copepoda","Gymnoplea","Calanoida","","",""
"cedcb1af2b62e6d6afea91c34a7db2530337e833","Animalia","Arthropoda","Crustacea","Hexanauplia","Copepoda","Gymnoplea","Calanoida","Metridinidae","Pleuromamma",""
"daa82d75f78ac8d5bb5259c9020511942c2ef050","Animalia","Arthropoda","Crustacea","Hexanauplia","Copepoda","Gymnoplea","Calanoida","Metridinidae","Metridia",""
"dbd95065a6787486d688fdf5fdc905e08c92b3c7","Animalia","Arthropoda","Crustacea","Hexanauplia","Copepoda","Gymnoplea","Calanoida","Clausocalanidae","Pseudocalanus","Pseudocalanus elongatus"
"e01f93ca2ee277a2bc78e4f8f0e3ee68b98bf1fc","Animalia","Arthropoda","Crustacea","Hexanauplia","Copepoda","Gymnoplea","Calanoida","","",""
"e199318c40876066960330bd9ea208fb7639a760","Animalia","Arthropoda","Crustacea","Hexanauplia","Copepoda","Gymnoplea","Calanoida","Metridinidae","Metridia","Metridia pacifica"
"e396f514beb6bb0e29a828575cc7fea775d24085","Animalia","Arthropoda","Crustacea","Hexanauplia","Copepoda","Gymnoplea","Calanoida","Calanidae","Neocalanus","Neocalanus cristatus"
"e6e62aec4e6530ec9d88231193468a1b57ca384e","Animalia","Arthropoda","Crustacea","Hexanauplia","Copepoda","Gymnoplea","Calanoida","Clausocalanidae","Ctenocalanus","Ctenocalanus vanus"
"e9df96b4b8095a1d6d53b05d63742ff85af54576","Animalia","Arthropoda","Crustacea","Hexanauplia","Copepoda","Gymnoplea","Calanoida","Rhincalanidae","Rhincalanus",""
"ea45445f45d4100b739d1e9c52b53752088a1e67","Animalia","Arthropoda","Crustacea","Hexanauplia","Copepoda","Gymnoplea","Calanoida","Metridinidae","Metridia","Metridia pacifica"
"ece56b1db36cafe8ce16da6836d580dc30c143ce","Animalia","Arthropoda","Crustacea","Hexanauplia","Copepoda","Gymnoplea","Calanoida","","",""
"f07422dab8587806440ce31551c5c29726d1d1c7","Animalia","Arthropoda","Crustacea","Hexanauplia","Copepoda","Gymnoplea","Calanoida","Clausocalanidae","Clausocalanus","Clausocalanus furcatus"
"f0f0d90e0b068596c08719d08b82987032ec3857","Animalia","Arthropoda","Crustacea","Hexanauplia","Copepoda","Gymnoplea","Calanoida","Metridinidae","Metridia","Metridia pacifica"
"f10fe77e3403856fcab6288232f5f46a50261607","Animalia","Arthropoda","Crustacea","Hexanauplia","Copepoda","Gymnoplea","Calanoida","Metridinidae","Metridia","Metridia pacifica"
"f8a30baa160074c5d81f39bbfa5ce59111caa57a","Animalia","Arthropoda","Crustacea","Hexanauplia","Copepoda","Gymnoplea","Calanoida","Clausocalanidae","Clausocalanus","Clausocalanus furcatus"
"fa7356df1a872486053eb1a14ff614012cdadde9","Animalia","Arthropoda","Crustacea","Hexanauplia","Copepoda","Gymnoplea","Calanoida","Metridinidae","Pleuromamma",""
"feb7c743a91055e70bfa4286091f360a580f26c7","Animalia","Arthropoda","Crustacea","Hexanauplia","Copepoda","Gymnoplea","Calanoida","Clausocalanidae","Clausocalanus","Clausocalanus furcatus"
"ff62c6fc3f5f5a03af66155247b74210ad634523","Animalia","Arthropoda","Crustacea","Hexanauplia","Copepoda","Gymnoplea","Calanoida","","",""
"215f7e73ed8b068882c25a034e2d44b152fd76c4","Animalia","Arthropoda","Crustacea","Hexanauplia","Copepoda","Gymnoplea","Calanoida","Lucicutiidae","Lucicutia","Lucicutia longiserrata"
"3286b80ab8f47837a942befb5ad2da6180aeff82","Animalia","Arthropoda","Crustacea","Hexanauplia","Copepoda","Gymnoplea","Calanoida","Metridinidae","Metridia","Metridia pacifica"
"35b8eccada72da13190ddfa8b2116cad0f9fa244","Animalia","Arthropoda","Crustacea","Hexanauplia","Copepoda","Gymnoplea","Calanoida","Metridinidae","Metridia",""
"387d4852e3e92fa092e4d58207f93a07a1040fd7","Animalia","Arthropoda","Crustacea","Hexanauplia","Copepoda","Gymnoplea","Calanoida","Metridinidae","Pleuromamma","Pleuromamma borealis"
"3949ba94f0477add06d64a4ce6018ac190c245c1","Animalia","Arthropoda","Crustacea","Hexanauplia","Copepoda","Gymnoplea","Calanoida","Metridinidae","Metridia","Metridia pacifica"
"6596c63f5d1e49ace5f64991b07cb083dc93832f","Animalia","Arthropoda","Crustacea","Hexanauplia","Copepoda","Gymnoplea","Calanoida","Metridinidae","Metridia",""
"719200a466e6a75b2a9b205936513ca9d148ff77","Animalia","Arthropoda","Crustacea","Hexanauplia","Copepoda","Gymnoplea","Calanoida","Calanidae","Calanus",""
"7cbdbc8607d0b11c36564a74f1fffe1071916eec","Animalia","Arthropoda","Crustacea","Hexanauplia","Copepoda","Gymnoplea","Calanoida","Scolecitrichidae","Scolecithricella","Species"
"8337646dcc1648d63a8042fe2106b482c4684005","Animalia","Arthropoda","Crustacea","Hexanauplia","Copepoda","Gymnoplea","Calanoida","Metridinidae","Metridia","Metridia pacifica"
"8392dcebfd873cb30ba00144711e7b6b8c6ee38b","Animalia","Arthropoda","Crustacea","Hexanauplia","Copepoda","Gymnoplea","Calanoida","Metridinidae","Metridia","Metridia pacifica"
"895287893d328205e9b9f2cab768c786d7981636","Animalia","Arthropoda","Crustacea","Hexanauplia","Copepoda","Gymnoplea","Calanoida","Metridinidae","Metridia",""
"8cc8bf6e9bdd1a73785bbb60245f2c23cc7116bc","Animalia","Arthropoda","Crustacea","Hexanauplia","Copepoda","Gymnoplea","Calanoida","","",""
"95c90e3c1708c4db46054bce539287f0636252e8","Animalia","Arthropoda","Crustacea","Hexanauplia","Copepoda","Gymnoplea","Calanoida","","",""
"b87a6f0f02e462d8aba180cca20863b9c69bf65a","Animalia","Arthropoda","Crustacea","Hexanauplia","Copepoda","Gymnoplea","Calanoida","Metridinidae","Pleuromamma",""
"bf87a932b56f5ea063f60d58296ef8446602c4ad","Animalia","Arthropoda","Crustacea","Hexanauplia","Copepoda","Gymnoplea","Calanoida","Metridinidae","Pleuromamma",""
"ca6dfd6dba5eb1fc6d69017dd4253eceb58a3072","Animalia","Arthropoda","Crustacea","Hexanauplia","Copepoda","Gymnoplea","Calanoida","Metridinidae","Metridia",""
"cb7758e8f39b2aeb6e8fc6931a0f1bfd99f5dd32","Animalia","Arthropoda","Crustacea","Hexanauplia","Copepoda","Gymnoplea","Calanoida","","",""
"dfb65ac4bf89ecc4f7054618495f66fb66d3397a","Animalia","Arthropoda","Crustacea","Hexanauplia","Copepoda","Gymnoplea","Calanoida","Metridinidae","Metridia","Metridia pacifica"
"fb612da77024eff0e8066c9c78a6394837a9f0bf","Animalia","Arthropoda","Crustacea","Hexanauplia","Copepoda","Gymnoplea","Calanoida","Metridinidae","Metridia",""
"02093d4b1f1d2e1fcf497230b517e5990a1f4a38","Animalia","Arthropoda","Crustacea","Hexanauplia","Copepoda","Gymnoplea","Calanoida","","",""
"10d98a9e8191737474408e3922019918cf9ce20e","Animalia","Arthropoda","Crustacea","Hexanauplia","Copepoda","Gymnoplea","Calanoida","Metridinidae","Pleuromamma","Pleuromamma abdominalis"
"2655c6ab73c0d798851414a6bc09fc1b4469d3a9","Animalia","Arthropoda","Crustacea","Hexanauplia","Copepoda","Gymnoplea","Calanoida","Metridinidae","Pleuromamma",""
"499488cac0be3a2185ce9f654a389130100bac2f","Animalia","Arthropoda","Crustacea","Hexanauplia","Copepoda","Gymnoplea","Calanoida","","",""
"99ba0382e7a698637a042caec0dcdd415f551b33","Animalia","Arthropoda","Crustacea","Hexanauplia","Copepoda","Gymnoplea","Calanoida","Rhincalanidae","Rhincalanus",""
"9eb9bcecb427fec7490eb8091ae120d4cbd47c0f","Animalia","Arthropoda","Crustacea","Hexanauplia","Copepoda","Gymnoplea","Calanoida","","",""
"b49b5b962f90500633efdc08ccee2e44af816ced","Animalia","Arthropoda","Crustacea","Hexanauplia","Copepoda","Gymnoplea","Calanoida","Metridinidae","Metridia","Metridia pacifica"
"c56cb43892bfad7096fa1b1ffa56e0ba1292e44f","Animalia","Arthropoda","Crustacea","Hexanauplia","Copepoda","Gymnoplea","Calanoida","","",""
"eaa619cbaa6e11540fc8848ffb78d1f0131bc91a","Animalia","Arthropoda","Crustacea","Hexanauplia","Copepoda","Gymnoplea","Calanoida","","",""
"01cfa38140aa27513302c83969784a3f310533bf","Animalia","Arthropoda","Crustacea","Hexanauplia","Copepoda","Gymnoplea","Calanoida","Calanidae","Neocalanus",""
"40363c0ad68d2a4c24210270dc6c03bf909874d3","Animalia","Arthropoda","Crustacea","Hexanauplia","Copepoda","Gymnoplea","Calanoida","","",""
"a145a40787b04637744888e0e1580dd7b4dbbd1b","Animalia","Arthropoda","Crustacea","Hexanauplia","Copepoda","Gymnoplea","Calanoida","Calanidae","Calanus","Calanus helgolandicus"
"aa204fa54a938d1726639cdaba12f62d316f111d","Animalia","Arthropoda","Crustacea","Hexanauplia","Copepoda","Gymnoplea","Calanoida","Scolecitrichidae","Scolecithricella","Species"
"b1c3086e7f8088e0ad1bc9b9ab64a9d3ee629a88","Animalia","Arthropoda","Crustacea","Hexanauplia","Copepoda","Gymnoplea","Calanoida","Metridinidae","Metridia",""
"e3e5a61eb5666017d1727db9864dd89c28c9e790","Animalia","Arthropoda","Crustacea","Hexanauplia","Copepoda","Gymnoplea","Calanoida","Metridinidae","Pleuromamma","Pleuromamma abdominalis"
"1db1b49185d0d4cf20f888eb9992b256f76a4651","Animalia","Arthropoda","Crustacea","Hexanauplia","Copepoda","Gymnoplea","Calanoida","Metridinidae","Metridia","Metridia pacifica"
"366bcd23a104bbca5cc64b6ce7fb0156ce975c1c","Animalia","Arthropoda","Crustacea","Hexanauplia","Copepoda","Gymnoplea","Calanoida","Metridinidae","Metridia","Metridia pacifica"
"6d73948ba71bef2c78986a84eaea1a093e7badd1","Animalia","Arthropoda","Crustacea","Hexanauplia","Copepoda","Gymnoplea","Calanoida","Metridinidae","",""
"01b97529fd4da6746938629b3f594b1850799273","Animalia","Arthropoda","Crustacea","Hexanauplia","Copepoda","Gymnoplea","Calanoida","","",""
"0820a7f507d89fdcba7a016992fe29a4255663da","Animalia","Arthropoda","Crustacea","Hexanauplia","Copepoda","Gymnoplea","Calanoida","Clausocalanidae","Ctenocalanus","Ctenocalanus vanus"
"13dfed8b69f5d4139ad79da7deb7b0d04fa3fd20","Animalia","Arthropoda","Crustacea","Hexanauplia","Copepoda","Gymnoplea","Calanoida","Metridinidae","Metridia",""
"1697ba47f1c2be293c647c5091398b901634ae3a","Animalia","Arthropoda","Crustacea","Hexanauplia","Copepoda","Gymnoplea","Calanoida","Clausocalanidae","Ctenocalanus","Ctenocalanus vanus"
"1c7aee32d52c5a25d862a3e148b6cf04ab8f88da","Animalia","Arthropoda","Crustacea","Hexanauplia","Copepoda","Gymnoplea","Calanoida","Clausocalanidae","Ctenocalanus","Ctenocalanus vanus"
"22378dae7c3962c6b409aaf1fb23f8d660628051","Animalia","Arthropoda","Crustacea","Hexanauplia","Copepoda","Gymnoplea","Calanoida","Candaciidae","Candacia","Candacia bipinnata"
"22b408f95bed71e330f22c29cc2766145e4cdde7","Animalia","Arthropoda","Crustacea","Hexanauplia","Copepoda","Gymnoplea","Calanoida","Calanidae","",""
"30305359d96310766f4c2fd4fb8385e2c628f86f","Animalia","Arthropoda","Crustacea","Hexanauplia","Copepoda","Gymnoplea","Calanoida","Metridinidae","Metridia","Metridia pacifica"
"33f2049df73abee355aaf102f1c6c31652f4daa5","Animalia","Arthropoda","Crustacea","Hexanauplia","Copepoda","Gymnoplea","Calanoida","","",""
"3f42e5232e8b6a4552895a81fc2e6c42712289cc","Animalia","Arthropoda","Crustacea","Hexanauplia","Copepoda","Gymnoplea","Calanoida","","",""
"40b0c27ad8a2dbbacade834d4abdf1266df49a2e","Animalia","Arthropoda","Crustacea","Hexanauplia","Copepoda","Gymnoplea","Calanoida","","",""
"47fee77eb15aeb9efa7931aa8ff1bf58daa8e10c","Animalia","Arthropoda","Crustacea","Hexanauplia","Copepoda","Gymnoplea","Calanoida","Clausocalanidae","Clausocalanus","Clausocalanus furcatus"
"500325dc6093b7271f3414163599232a0af8bc31","Animalia","Arthropoda","Crustacea","Hexanauplia","Copepoda","Gymnoplea","Calanoida","Metridinidae","Metridia","Metridia pacifica"
"6047bd0ab1009e1a63ca5f303ce7a113f4066fea","Animalia","Arthropoda","Crustacea","Hexanauplia","Copepoda","Gymnoplea","Calanoida","Metridinidae","Metridia","Metridia pacifica"
"633c4c6c2c7442a6c9d472128ab92aa007269e8b","Animalia","Arthropoda","Crustacea","Hexanauplia","Copepoda","Gymnoplea","Calanoida","Scolecitrichidae","Scolecithricella","Species"
"6647789a84c7db9d0c1d2f947175e285be91538b","Animalia","Arthropoda","Crustacea","Hexanauplia","Copepoda","Gymnoplea","Calanoida","Clausocalanidae","Clausocalanus","Clausocalanus furcatus"
"673eb67edde62b7e8f162c349550a5998bac320f","Animalia","Arthropoda","Crustacea","Hexanauplia","Copepoda","Gymnoplea","Calanoida","Metridinidae","Metridia",""
"6857afb5c5867c1bf85231cc48190082d5615827","Animalia","Arthropoda","Crustacea","Hexanauplia","Copepoda","Gymnoplea","Calanoida","Calanidae","",""
"69c0adc86d6cdb86f5c5db7a20f69be59c388358","Animalia","Arthropoda","Crustacea","Hexanauplia","Copepoda","Gymnoplea","Calanoida","Calanidae","Calanus",""
"6b07660f743f9e1c643619d1f389bcbfcf57ec7b","Animalia","Arthropoda","Crustacea","Hexanauplia","Copepoda","Gymnoplea","Calanoida","Clausocalanidae","Clausocalanus","Clausocalanus furcatus"
"6c040c44d0a26b1e276eba591a18ceb9ee59865f","Animalia","Arthropoda","Crustacea","Hexanauplia","Copepoda","Gymnoplea","Calanoida","Metridinidae","Metridia",""
"6da39cc791255ff24d27f8f2e89a45d28bf96da6","Animalia","Arthropoda","Crustacea","Hexanauplia","Copepoda","Gymnoplea","Calanoida","Metridinidae","Metridia",""
"7c754c662c8dff39e9ea284567b79a7fe0360c0f","Animalia","Arthropoda","Crustacea","Hexanauplia","Copepoda","Gymnoplea","Calanoida","Metridinidae","Metridia","Metridia pacifica"
"8577eff0f563ec52315e009601f4f144ea2b9efe","Animalia","Arthropoda","Crustacea","Hexanauplia","Copepoda","Gymnoplea","Calanoida","Clausocalanidae","Clausocalanus","Clausocalanus furcatus"
"96d47fcd19261c2c97eb1ae5ba3552e2c2bef6e6","Animalia","Arthropoda","Crustacea","Hexanauplia","Copepoda","Gymnoplea","Calanoida","Calanidae","Neocalanus","Neocalanus gracilis"
"9c8d7ea3ea4c3f974050561d3e47a30cd6f68ad0","Animalia","Arthropoda","Crustacea","Hexanauplia","Copepoda","Gymnoplea","Calanoida","Metridinidae","Metridia",""
"a884906383f29cb9637d008fea0a85cba5ed0652","Animalia","Arthropoda","Crustacea","Hexanauplia","Copepoda","Gymnoplea","Calanoida","","",""
"a9c5ac5a4b21671382dfb4f29411d0f3204ea523","Animalia","Arthropoda","Crustacea","Hexanauplia","Copepoda","Gymnoplea","Calanoida","Metridinidae","",""
"af0ee3851b7901a268817478a162583be0ac4296","Animalia","Arthropoda","Crustacea","Hexanauplia","Copepoda","Gymnoplea","Calanoida","","",""
"b01a623f0c7a1188dd5e9c0f18b096b5d810b7da","Animalia","Arthropoda","Crustacea","Hexanauplia","Copepoda","Gymnoplea","Calanoida","Metridinidae","",""
"b18e5281e68af66c5ff69cde48273ed89f53dbe4","Animalia","Arthropoda","Crustacea","Hexanauplia","Copepoda","Gymnoplea","Calanoida","","",""
"b3bfc1522e0184d97e51aae640966a24247e7589","Animalia","Arthropoda","Crustacea","Hexanauplia","Copepoda","Gymnoplea","Calanoida","Calanidae","Neocalanus","Neocalanus cristatus"
"b99021a1664166a49b169863dcb00e1a227ad268","Animalia","Arthropoda","Crustacea","Hexanauplia","Copepoda","Gymnoplea","Calanoida","Scolecitrichidae","Scolecithricella","Species"
"bda7db15bcda44597e3a3aaeca2a7abe76eab7b6","Animalia","Arthropoda","Crustacea","Hexanauplia","Copepoda","Gymnoplea","Calanoida","Metridinidae","Metridia",""
"bdccdb5f8e711a997e43ed5d6331134512394308","Animalia","Arthropoda","Crustacea","Hexanauplia","Copepoda","Gymnoplea","Calanoida","Calanidae","Neocalanus","Neocalanus gracilis"
"c299f0739342133af77ec9e18fdfeeb3576d7b75","Animalia","Arthropoda","Crustacea","Hexanauplia","Copepoda","Gymnoplea","Calanoida","","",""
"cef41db228729e82559d461d796ab51f9bcb371f","Animalia","Arthropoda","Crustacea","Hexanauplia","Copepoda","Gymnoplea","Calanoida","","",""
"e4c6acc45d16b5ed83f3e4d765f8a63ceabf6f0d","Animalia","Arthropoda","Crustacea","Hexanauplia","Copepoda","Gymnoplea","Calanoida","Clausocalanidae","Clausocalanus","Clausocalanus furcatus"
"e7d17854390d4d4f3c2ba176693b45a247babb9d","Animalia","Arthropoda","Crustacea","Hexanauplia","Copepoda","Gymnoplea","Calanoida","Metridinidae","",""
"ee7aa3e7eb04cb430ca677713cde840e8968a048","Animalia","Arthropoda","Crustacea","Hexanauplia","Copepoda","Gymnoplea","Calanoida","","",""
"ee86391371bc61fc92fb7de6cc19d4a9d0021130","Animalia","Arthropoda","Crustacea","Hexanauplia","Copepoda","Gymnoplea","Calanoida","Calanidae","Calanus",""
"b35f9cee21f667eaebd1f9bd7ed5d7f2c482df4f","Animalia","Arthropoda","Crustacea","Hexanauplia","Copepoda","Gymnoplea","Calanoida","Heterorhabdidae","",""
"09dc6e1e3a2c7b17cd7f4be23efc50ead3eafef7","Animalia","Arthropoda","Crustacea","Hexanauplia","Copepoda","Gymnoplea","Calanoida","Subeucalanidae","Subeucalanus",""
"100c49c7f9df54c7cb816aa946f5412b4896a329","Animalia","Arthropoda","Crustacea","Hexanauplia","Copepoda","Gymnoplea","Calanoida","Metridinidae","",""
"1630ae6893ee81523e5c5491ed263488226c200b","Animalia","Arthropoda","Crustacea","Hexanauplia","Copepoda","Gymnoplea","Calanoida","Calanidae","Calanus",""
"21818e3bedd95f3b29e62b2b16da4b9bfc7c2865","Animalia","Arthropoda","Crustacea","Hexanauplia","Copepoda","Gymnoplea","Calanoida","Calanidae","Calanus",""
"33b3388aba9216b9aab3709b55cf435e0f08549b","Animalia","Arthropoda","Crustacea","Hexanauplia","Copepoda","Gymnoplea","Calanoida","Subeucalanidae","Subeucalanus",""
"47393951438cee8e6cf5c66f87ac011a11fe813b","Animalia","Arthropoda","Crustacea","Hexanauplia","Copepoda","Gymnoplea","Calanoida","Calanidae","Calanus","Calanus helgolandicus"
"5adb83462a6665a3afeaeec2808f1d1a5a668032","Animalia","Arthropoda","Crustacea","Hexanauplia","Copepoda","Gymnoplea","Calanoida","Subeucalanidae","Subeucalanus",""
"cd449e8403a0e1bd67f0be5153268920607945b7","Animalia","Arthropoda","Crustacea","Hexanauplia","Copepoda","Gymnoplea","Calanoida","","",""
"d22f4f506fc83a332f59b9c9aed21cfb2215d626","Animalia","Arthropoda","Crustacea","Hexanauplia","Copepoda","Gymnoplea","Calanoida","Calanidae","Calanus",""
"f6a4d650e9d6f53c3dee2633f464fadac8e3ca1f","Animalia","Arthropoda","Crustacea","Hexanauplia","Copepoda","Gymnoplea","Calanoida","Calanidae","Calanus",""
"6d4fadad6ed332d69b01f5b6a9fb97752337e30f","Animalia","Arthropoda","Crustacea","Hexanauplia","Copepoda","Gymnoplea","Calanoida","Calanidae","Calanus",""
"8a5a6db141fd33ece52b802eaff69ac604a3917a","Animalia","Arthropoda","Crustacea","Hexanauplia","Copepoda","Gymnoplea","Calanoida","Eucalanidae","Eucalanus","Eucalanus elongatus"
"cd58ee0aa1185ea6500c004f680015dd55e83a86","Animalia","Arthropoda","Crustacea","Hexanauplia","Copepoda","Gymnoplea","Calanoida","","",""
"fd99fb4d70b4abaa1e52c3b6fe8005c90bfba176","Animalia","Arthropoda","Crustacea","Hexanauplia","Copepoda","Gymnoplea","Calanoida","","",""
"098d78cfe544645c4b7a49321108101f9fd1ca95","Animalia","Arthropoda","Crustacea","Hexanauplia","Copepoda","Gymnoplea","Calanoida","Augaptilidae","Euaugaptilus","Euaugaptilus palumboi"
"09f0f81e918be13468041d213bbcc3701965c080","Animalia","Arthropoda","Crustacea","Hexanauplia","Copepoda","Gymnoplea","Calanoida","Augaptilidae","Euaugaptilus","Euaugaptilus palumboi"
"105584920e1bfffbb3e56c0fa7c2397446c2bb2b","Animalia","Arthropoda","Crustacea","Hexanauplia","Copepoda","Gymnoplea","Calanoida","Calanidae","Neocalanus","Neocalanus cristatus"
"1068cadcb65c9cea88274a0d597c6ca1354ada7f","Animalia","Arthropoda","Crustacea","Hexanauplia","Copepoda","Gymnoplea","Calanoida","Clausocalanidae","Clausocalanus","Clausocalanus furcatus"
"131dafe8f92e88ca8e8c497413822303eea5970c","Animalia","Arthropoda","Crustacea","Hexanauplia","Copepoda","Gymnoplea","Calanoida","Calanidae","Neocalanus","Neocalanus gracilis"
"14981a8153f0cc86d204510793cc8a0904eaf7a2","Animalia","Arthropoda","Crustacea","Hexanauplia","Copepoda","Gymnoplea","Calanoida","Calanidae","",""
"28f609291610bb80be3d69f17553a6abc25d0ec4","Animalia","Arthropoda","Crustacea","Hexanauplia","Copepoda","Gymnoplea","Calanoida","Clausocalanidae","Clausocalanus","Clausocalanus furcatus"
"3801a3008840849768879107a7012d957cc233ea","Animalia","Arthropoda","Crustacea","Hexanauplia","Copepoda","Gymnoplea","Calanoida","Calanidae","Neocalanus","Neocalanus gracilis"
"4c23922ac5270945975a10c2e85dce4f397ee20f","Animalia","Arthropoda","Crustacea","Hexanauplia","Copepoda","Gymnoplea","Calanoida","Clausocalanidae","Clausocalanus","Clausocalanus furcatus"
"6b7f2e606b0368d6ff7e65ee22ac32c2e85fdc23","Animalia","Arthropoda","Crustacea","Hexanauplia","Copepoda","Gymnoplea","Calanoida","Clausocalanidae","Clausocalanus","Clausocalanus furcatus"
"75f9cc1fd24f7b330a37d28a1d36ba861a5eb45f","Animalia","Arthropoda","Crustacea","Hexanauplia","Copepoda","Gymnoplea","Calanoida","Calanidae","Neocalanus","Neocalanus cristatus"
"7f9edb0bab7680d63d5a7cbb6f1d488d32953209","Animalia","Arthropoda","Crustacea","Hexanauplia","Copepoda","Gymnoplea","Calanoida","Calanidae","Neocalanus","Neocalanus cristatus"
"80c3e483e565edd2763fa0e91b23615fc85fb093","Animalia","Arthropoda","Crustacea","Hexanauplia","Copepoda","Gymnoplea","Calanoida","Clausocalanidae","Clausocalanus","Clausocalanus furcatus"
"86e954b6b4640de2a532d0f2c9329b96891d511d","Animalia","Arthropoda","Crustacea","Hexanauplia","Copepoda","Gymnoplea","Calanoida","Scolecitrichidae","Scolecithricella","Species"
"86f6cb8c4e9a20dea9ddf40297f8eefe97ee67f3","Animalia","Arthropoda","Crustacea","Hexanauplia","Copepoda","Gymnoplea","Calanoida","Metridinidae","Metridia","Metridia pacifica"
"953f575003c1e038640b89d2ec04ddae519ec438","Animalia","Arthropoda","Crustacea","Hexanauplia","Copepoda","Gymnoplea","Calanoida","Acartiidae","Acartia","Acartia Acartia danae"
"aa22063bb9ec94ee88ecf1e21313be57fc9f4915","Animalia","Arthropoda","Crustacea","Hexanauplia","Copepoda","Gymnoplea","Calanoida","Calanidae","Neocalanus","Neocalanus gracilis"
"af5ea7274c611cbd5dc67f669804d691126cd232","Animalia","Arthropoda","Crustacea","Hexanauplia","Copepoda","Gymnoplea","Calanoida","Paracalanidae","Mecynocera","Mecynocera clausi"
"b06ef1d52381ef48650e7b9faac66d24aa1e3fa6","Animalia","Arthropoda","Crustacea","Hexanauplia","Copepoda","Gymnoplea","Calanoida","Clausocalanidae","Ctenocalanus","Ctenocalanus vanus"
"b55956b76c6f7860b218339af509f33b496efe80","Animalia","Arthropoda","Crustacea","Hexanauplia","Copepoda","Gymnoplea","Calanoida","","",""
"cba418bc94dc3a64e15200ce11bda8c6e0582205","Animalia","Arthropoda","Crustacea","Hexanauplia","Copepoda","Gymnoplea","Calanoida","","",""
"ccc2d40f56326ef68b7798111cc07ce4d344d62c","Animalia","Arthropoda","Crustacea","Hexanauplia","Copepoda","Gymnoplea","Calanoida","Metridinidae","Metridia","Metridia pacifica"
"d333cf1224a8f6d614dcef5657ae6aad0bdef56e","Animalia","Arthropoda","Crustacea","Hexanauplia","Copepoda","Gymnoplea","Calanoida","Clausocalanidae","Clausocalanus","Clausocalanus furcatus"
"dabec5c8e3721be348236817cddd3c31eb1647ce","Animalia","Arthropoda","Crustacea","Hexanauplia","Copepoda","Gymnoplea","Calanoida","Calanidae","Neocalanus","Neocalanus gracilis"
"db0e450a361e5c4eaf843aa029db5c9f5193d32f","Animalia","Arthropoda","Crustacea","Hexanauplia","Copepoda","Gymnoplea","Calanoida","Paracalanidae","Calocalanus","Calocalanus plumulosus"
"e3dad9d81ebf555738cca5919dd0087c8f861f78","Animalia","Arthropoda","Crustacea","Hexanauplia","Copepoda","Gymnoplea","Calanoida","Clausocalanidae","Clausocalanus","Clausocalanus furcatus"
"ef10dc04c555989e2c8fa539eb5a9696612325fa","Animalia","Arthropoda","Crustacea","Hexanauplia","Copepoda","Gymnoplea","Calanoida","Clausocalanidae","Clausocalanus","Clausocalanus furcatus"
"f0811d7c1afc61b0190a200923bc854777e6fbc5","Animalia","Arthropoda","Crustacea","Hexanauplia","Copepoda","Gymnoplea","Calanoida","Metridinidae","Metridia","Metridia pacifica"
"f439140f389fcafab48955b2d982492c4de5820f","Animalia","Arthropoda","Crustacea","Hexanauplia","Copepoda","Gymnoplea","Calanoida","Calanidae","Neocalanus","Neocalanus gracilis"
"fee2b972e2337c7fec774733831482a13e032658","Animalia","Arthropoda","Crustacea","Hexanauplia","Copepoda","Gymnoplea","Calanoida","Paracalanidae","Calocalanus","Calocalanus styliremis"
"07df0292e6ec938e7774d4bb83770e347b0c9c77","Animalia","Arthropoda","Crustacea","Hexanauplia","Copepoda","Gymnoplea","Calanoida","Metridinidae","Pleuromamma",""
"0a0681d794ba5be51409987d7072740eecf35f4a","Animalia","Arthropoda","Crustacea","Hexanauplia","Copepoda","Gymnoplea","Calanoida","Metridinidae","Pleuromamma",""
"0e5a4dbd4a870834599cfd6c3eae24f6118cdb4d","Animalia","Arthropoda","Crustacea","Hexanauplia","Copepoda","Gymnoplea","Calanoida","Metridinidae","Pleuromamma","Pleuromamma borealis"
"11e73a6cb407f486e216772ee0c421774380ca59","Animalia","Arthropoda","Crustacea","Hexanauplia","Copepoda","Gymnoplea","Calanoida","Metridinidae","Metridia","Metridia pacifica"
"1460d2375bddc45a1186962418572c22db3e915a","Animalia","Arthropoda","Crustacea","Hexanauplia","Copepoda","Gymnoplea","Calanoida","Metridinidae","Pleuromamma",""
"16cca34d40322362f2bbf88b02ef5d850e664c82","Animalia","Arthropoda","Crustacea","Hexanauplia","Copepoda","Gymnoplea","Calanoida","Metridinidae","Pleuromamma",""
"19fde1fa832430a6af6230064de110d0a357f8f4","Animalia","Arthropoda","Crustacea","Hexanauplia","Copepoda","Gymnoplea","Calanoida","Calanidae","",""
"2bec4335fb2bf39477afcd974c60344b18e6bdc0","Animalia","Arthropoda","Crustacea","Hexanauplia","Copepoda","Gymnoplea","Calanoida","Metridinidae","",""
"35693ec6ee44cb69ed82873439306b8d02c7432c","Animalia","Arthropoda","Crustacea","Hexanauplia","Copepoda","Gymnoplea","Calanoida","Metridinidae","Pleuromamma",""
"531e748f45c62b379e09b6adc9f472ab43eb34dc","Animalia","Arthropoda","Crustacea","Hexanauplia","Copepoda","Gymnoplea","Calanoida","Calanidae","Neocalanus","Neocalanus cristatus"
"5561d1d2e5a6173fc44231abe0b2386f85aba7ad","Animalia","Arthropoda","Crustacea","Hexanauplia","Copepoda","Gymnoplea","Calanoida","Metridinidae","Pleuromamma",""
"56db9b8934558866af0f1f1eaf48a1122b20eb51","Animalia","Arthropoda","Crustacea","Hexanauplia","Copepoda","Gymnoplea","Calanoida","Calanidae","Neocalanus",""
"5e0cea0564f2239e701a83f8d008e5bee615a13b","Animalia","Arthropoda","Crustacea","Hexanauplia","Copepoda","Gymnoplea","Calanoida","Metridinidae","Pleuromamma","Pleuromamma borealis"
"69d5dda75d20c05e1a4008c287bcbd1fbbd53b5b","Animalia","Arthropoda","Crustacea","Hexanauplia","Copepoda","Gymnoplea","Calanoida","Metridinidae","Metridia",""
"6b518c427c01dcb2d856adda991fd08f6a6c3638","Animalia","Arthropoda","Crustacea","Hexanauplia","Copepoda","Gymnoplea","Calanoida","","",""
"797f748e36cdfa7759685d94f831c8c27ad02d95","Animalia","Arthropoda","Crustacea","Hexanauplia","Copepoda","Gymnoplea","Calanoida","","",""
"79b0869feff67fe1e43f6dc9d8ddb99d92d4382d","Animalia","Arthropoda","Crustacea","Hexanauplia","Copepoda","Gymnoplea","Calanoida","","",""
"7bfa15e3797e5a03b9225d9339c3a053451b9c8b","Animalia","Arthropoda","Crustacea","Hexanauplia","Copepoda","Gymnoplea","Calanoida","Metridinidae","Pleuromamma",""
"96b6423b389db25a9587250f7a3640d41fcef955","Animalia","Arthropoda","Crustacea","Hexanauplia","Copepoda","Gymnoplea","Calanoida","Metridinidae","Pleuromamma",""
"977c05bd566fb6e862d82f7c6cce48ba8d19275a","Animalia","Arthropoda","Crustacea","Hexanauplia","Copepoda","Gymnoplea","Calanoida","","",""
"9b794f40c6740851dec55d9e0591d2220c74b689","Animalia","Arthropoda","Crustacea","Hexanauplia","Copepoda","Gymnoplea","Calanoida","Metridinidae","Metridia",""
"9de8b14e71e13f722818d66dd4f08c70f3ece201","Animalia","Arthropoda","Crustacea","Hexanauplia","Copepoda","Gymnoplea","Calanoida","Metridinidae","",""
"9eb289262708592f5a9da189daa89619bd3d3b93","Animalia","Arthropoda","Crustacea","Hexanauplia","Copepoda","Gymnoplea","Calanoida","Calanidae","Neocalanus","Neocalanus gracilis"
"a317d02ce4acd8f2b83ccf90c1074bb15229a901","Animalia","Arthropoda","Crustacea","Hexanauplia","Copepoda","Gymnoplea","Calanoida","Clausocalanidae","Clausocalanus","Clausocalanus furcatus"
"a438efa2defe32871f885e6921ab3a3f58905dc0","Animalia","Arthropoda","Crustacea","Hexanauplia","Copepoda","Gymnoplea","Calanoida","","",""
"a99881c140972fb361888aef8e684614e57075e5","Animalia","Arthropoda","Crustacea","Hexanauplia","Copepoda","Gymnoplea","Calanoida","","",""
"b019dc89779735d4a3c6936365a0674ba747dc14","Animalia","Arthropoda","Crustacea","Hexanauplia","Copepoda","Gymnoplea","Calanoida","Metridinidae","Metridia",""
"b2e81b46fe1dd2c3160fa20493161e89f9255067","Animalia","Arthropoda","Crustacea","Hexanauplia","Copepoda","Gymnoplea","Calanoida","Metridinidae","Pleuromamma",""
"b3ec84488689836452a35d7c22dd07fc529008b0","Animalia","Arthropoda","Crustacea","Hexanauplia","Copepoda","Gymnoplea","Calanoida","Metridinidae","Metridia",""
"b7909f077473f8a3f5dd126e16fe6b3aed3db756","Animalia","Arthropoda","Crustacea","Hexanauplia","Copepoda","Gymnoplea","Calanoida","","",""
"ba3872abc9ad3ea60750c21242a79a4d42a6afa0","Animalia","Arthropoda","Crustacea","Hexanauplia","Copepoda","Gymnoplea","Calanoida","Metridinidae","Pleuromamma",""
"bf5fb30ed1cb71468ac5f842314f3b9841142760","Animalia","Arthropoda","Crustacea","Hexanauplia","Copepoda","Gymnoplea","Calanoida","Calanidae","Neocalanus",""
"c19f0a6399249ef12aa2246cb858ed95e710a137","Animalia","Arthropoda","Crustacea","Hexanauplia","Copepoda","Gymnoplea","Calanoida","Metridinidae","Pleuromamma",""
"c864c458fcec8112ea7b10b318e47c5d09fb76d5","Animalia","Arthropoda","Crustacea","Hexanauplia","Copepoda","Gymnoplea","Calanoida","Metridinidae","Metridia","Metridia pacifica"
"ccb290b92bdae36313218900a19d7628bcd7f3af","Animalia","Arthropoda","Crustacea","Hexanauplia","Copepoda","Gymnoplea","Calanoida","","",""
"cf20a5c3684c767dd7a47573041ed57b174d91b4","Animalia","Arthropoda","Crustacea","Hexanauplia","Copepoda","Gymnoplea","Calanoida","Calanidae","Neocalanus","Neocalanus gracilis"
"d12c70df3aec8cd3f8f5140c83d10f6cda5e8c69","Animalia","Arthropoda","Crustacea","Hexanauplia","Copepoda","Gymnoplea","Calanoida","Metridinidae","Metridia",""
"d318ed6b6e510afe9a4bfa2d7a0c8ade3fb9fd53","Animalia","Arthropoda","Crustacea","Hexanauplia","Copepoda","Gymnoplea","Calanoida","Metridinidae","Pleuromamma",""
"f1e6c6529366f13c76bc444eb5ca98c73a042b12","Animalia","Arthropoda","Crustacea","Hexanauplia","Copepoda","Gymnoplea","Calanoida","Metridinidae","Pleuromamma","Pleuromamma borealis"
"fc36bbc4126f0f72bf0eca2d6069b49a10cad1f8","Animalia","Arthropoda","Crustacea","Hexanauplia","Copepoda","Gymnoplea","Calanoida","Calanidae","Neocalanus","Neocalanus gracilis"
"686fd8b59c6f87b27fe6a21b366a0e4b838135e1","Animalia","Arthropoda","Crustacea","Hexanauplia","Copepoda","Gymnoplea","Calanoida","Candaciidae","Candacia","Candacia bipinnata"
"bac657832e49e44c0db0b6bd3b924b8cf8faf38e","Animalia","Arthropoda","Crustacea","Hexanauplia","Copepoda","Gymnoplea","Calanoida","Metridinidae","Metridia",""
"dfaa7fe4223b0cb9ca163830891a79d39c638001","Animalia","Arthropoda","Crustacea","Hexanauplia","Copepoda","Gymnoplea","Calanoida","Metridinidae","Metridia",""
"18bd66e9e343d1e9d94cc819880cd11417faf391","Animalia","Arthropoda","Crustacea","Hexanauplia","Copepoda","Gymnoplea","Calanoida","Calanidae","Neocalanus","Neocalanus gracilis"
"28240c62521039d2d4e546727a54238b33663c6d","Animalia","Arthropoda","Crustacea","Hexanauplia","Copepoda","Gymnoplea","Calanoida","Metridinidae","Pleuromamma",""
"2944a42d6906f850fb039e5756662258bd3d4367","Animalia","Arthropoda","Crustacea","Hexanauplia","Copepoda","Gymnoplea","Calanoida","Calanidae","Neocalanus",""
"41088e4d89cb2716d1e97795b26e379ece55bdb9","Animalia","Arthropoda","Crustacea","Hexanauplia","Copepoda","Gymnoplea","Calanoida","","",""
"506d032e13ddb3ed06c943c59448b05b70d92782","Animalia","Arthropoda","Crustacea","Hexanauplia","Copepoda","Gymnoplea","Calanoida","Calanidae","Neocalanus","Neocalanus gracilis"
"7f99b3ca3932618115652c9ea1da3289e4b271a1","Animalia","Arthropoda","Crustacea","Hexanauplia","Copepoda","Gymnoplea","Calanoida","Calanidae","Neocalanus","Neocalanus gracilis"
"a64e949115deafe0f7fc48660ae03b7008be3cee","Animalia","Arthropoda","Crustacea","Hexanauplia","Copepoda","Gymnoplea","Calanoida","Calanidae","Neocalanus",""
"adf6da0063cd53e2e053aed26929c85d30bc4784","Animalia","Arthropoda","Crustacea","Hexanauplia","Copepoda","Gymnoplea","Calanoida","Calanidae","Neocalanus",""
"b3448ea4ed6df62b1681630909c00937355e51e2","Animalia","Arthropoda","Crustacea","Hexanauplia","Copepoda","Gymnoplea","Calanoida","Calanidae","Neocalanus","Neocalanus gracilis"
"cd9de1e20a490e94ecafbd38657d1b27fe03ea85","Animalia","Arthropoda","Crustacea","Hexanauplia","Copepoda","Gymnoplea","Calanoida","","",""
"cea5f4692cd720dc703e6aa12a9957aab85c6b5f","Animalia","Arthropoda","Crustacea","Hexanauplia","Copepoda","Gymnoplea","Calanoida","","",""
"da51faa5f68a048adfb36847e9b3fb132de255c7","Animalia","Arthropoda","Crustacea","Hexanauplia","Copepoda","Gymnoplea","Calanoida","Metridinidae","Metridia",""
"e6a83e2a65044c48a2e9d86ce70a0aeb2d9ac5e4","Animalia","Arthropoda","Crustacea","Hexanauplia","Copepoda","Gymnoplea","Calanoida","Calanidae","Neocalanus",""
"e804f94416787d476fa38e4b476c20c807a735ea","Animalia","Arthropoda","Crustacea","Hexanauplia","Copepoda","Gymnoplea","Calanoida","Calanidae","Neocalanus","Neocalanus gracilis"
"f25f196bdaacddc128c8edf0c95ffbe4abc6fd3d","Animalia","Arthropoda","Crustacea","Hexanauplia","Copepoda","Gymnoplea","Calanoida","Calanidae","Neocalanus","Neocalanus gracilis"
"f8c184127f1dc2a8fa94717d5063eed2fba6df7c","Animalia","Arthropoda","Crustacea","Hexanauplia","Copepoda","Gymnoplea","Calanoida","Metridinidae","Pleuromamma","Pleuromamma scutullata"
"fbfc1baab0702957e70b6c51f6472bd5488e94bf","Animalia","Arthropoda","Crustacea","Hexanauplia","Copepoda","Gymnoplea","Calanoida","","",""
"fdf0e7c673980db5009ee5394d3ef7e4426a545e","Animalia","Arthropoda","Crustacea","Hexanauplia","Copepoda","Gymnoplea","Calanoida","Calanidae","Neocalanus","Neocalanus gracilis"
"3ebe763dad94716c53b6402a986142c429796f35","Animalia","Arthropoda","Crustacea","Hexanauplia","Copepoda","Gymnoplea","Calanoida","","",""
"a913afd2bac193165df55347f770fdbca1a9d802","Animalia","Arthropoda","Crustacea","Hexanauplia","Copepoda","Gymnoplea","Calanoida","Metridinidae","Metridia","Metridia pacifica"
"0c84003ceec1fb7c3e6c2c04c0221e1bcf2c45f0","Animalia","Arthropoda","Crustacea","Hexanauplia","Copepoda","Gymnoplea","Calanoida","Metridinidae","Metridia","Metridia pacifica"
"385097c14a80038cf02b8cfb4df23dda9e5499db","Animalia","Arthropoda","Crustacea","Hexanauplia","Copepoda","Gymnoplea","Calanoida","Metridinidae","Metridia",""
"4e2ebc14fa946d9cd6abf9cee722a6d797ce569c","Animalia","Arthropoda","Crustacea","Hexanauplia","Copepoda","Gymnoplea","Calanoida","Metridinidae","Metridia","Metridia pacifica"
"97c0a0b78a9051b6b2e2cff07831849027a24086","Animalia","Arthropoda","Crustacea","Hexanauplia","Copepoda","Gymnoplea","Calanoida","Scolecitrichidae","Scolecithricella","Species"
"a32a0ba8740a455f9f56339d3eaa05c71078ca39","Animalia","Arthropoda","Crustacea","Hexanauplia","Copepoda","Gymnoplea","Calanoida","Paracalanidae","Paracalanus","Paracalanus parvus"
"ca00e4bae85c5e319b5edc853c9419bfc3adf23e","Animalia","Arthropoda","Crustacea","Hexanauplia","Copepoda","Gymnoplea","Calanoida","Metridinidae","Metridia",""
"db314c5dbe477adadea23742e3615b4b06d31608","Animalia","Arthropoda","Crustacea","Hexanauplia","Copepoda","Gymnoplea","Calanoida","Metridinidae","Metridia",""
"f4e140082d0a7000d60497ebcbdb92fd154632a0","Animalia","Arthropoda","Crustacea","Hexanauplia","Copepoda","Gymnoplea","Calanoida","Calanidae","Neocalanus",""
"8dcb9a7d8e003a422d970c4c4c2bd24cb34159ba","Animalia","Arthropoda","Crustacea","Hexanauplia","Copepoda","Gymnoplea","Calanoida","","",""
"e4620476c25cbb714b5cf603e2894c1a495d4387","Animalia","Arthropoda","Crustacea","Hexanauplia","Copepoda","Gymnoplea","Calanoida","Metridinidae","",""
"1a79dda84fc8aff040773f05b084efdafb466201","Animalia","Arthropoda","Crustacea","Hexanauplia","Copepoda","Gymnoplea","Calanoida","Metridinidae","",""
"20e1b5715bc0ea8402919857657b5da74c231447","Animalia","Arthropoda","Crustacea","Hexanauplia","Copepoda","Gymnoplea","Calanoida","Metridinidae","Pleuromamma",""
"33c901d46b99523dc22cf1ee8460f1499ce4b7fc","Animalia","Arthropoda","Crustacea","Hexanauplia","Copepoda","Gymnoplea","Calanoida","Metridinidae","Metridia",""
"4be4d36fb95d2c585760becf90bc1f0980912ce2","Animalia","Arthropoda","Crustacea","Hexanauplia","Copepoda","Gymnoplea","Calanoida","Scolecitrichidae","Byrathis","Byrathis penicillatus"
"51963edd6efabcf3a8e4d455b09511c99eef771b","Animalia","Arthropoda","Crustacea","Hexanauplia","Copepoda","Gymnoplea","Calanoida","Metridinidae","Pleuromamma",""
"798ab4587204b50f2f2985af33a624a812ec118a","Animalia","Arthropoda","Crustacea","Hexanauplia","Copepoda","Gymnoplea","Calanoida","","",""
"825e071a78d47622a0ed625e04705c98ef3c3ccd","Animalia","Arthropoda","Crustacea","Hexanauplia","Copepoda","Gymnoplea","Calanoida","Metridinidae","Metridia",""
"89f0d2292e82b8094ae98e2ae728a52aecbbd599","Animalia","Arthropoda","Crustacea","Hexanauplia","Copepoda","Gymnoplea","Calanoida","","",""
"d05f027b18a2e1b13ac8f96825e68a527cdb0737","Animalia","Arthropoda","Crustacea","Hexanauplia","Copepoda","Gymnoplea","Calanoida","Metridinidae","Metridia",""
"d981cd6f0b7e68b6994c4123233c9bf3c0b8f63b","Animalia","Arthropoda","Crustacea","Hexanauplia","Copepoda","Gymnoplea","Calanoida","Metridinidae","Metridia",""
"32de27379d0ddbd1b0647f5483e6894a6f4f88aa","Animalia","Arthropoda","Crustacea","Hexanauplia","Copepoda","Gymnoplea","Calanoida","","",""
"365b8b1ba877a79539ced40666fce3301c0ee5bd","Animalia","Arthropoda","Crustacea","Hexanauplia","Copepoda","Gymnoplea","Calanoida","Calanidae","Neocalanus","Neocalanus gracilis"
"5978d24b9b78b252ae2116fc830b7ac8d5889ef4","Animalia","Arthropoda","Crustacea","Hexanauplia","Copepoda","Gymnoplea","Calanoida","","",""
"7273fd9ae1bc865766115486c1da0de07d26408d","Animalia","Arthropoda","Crustacea","Hexanauplia","Copepoda","Gymnoplea","Calanoida","","",""
"e3683c13860ea7f04b97ce1aeafea513283e13ce","Animalia","Arthropoda","Crustacea","Hexanauplia","Copepoda","Gymnoplea","Calanoida","Calanidae","Neocalanus","Neocalanus gracilis"
"162b21a87716d3e6aefcd24de686c60ffd353162","Animalia","Arthropoda","Crustacea","Hexanauplia","Copepoda","Gymnoplea","Calanoida","Clausocalanidae","Clausocalanus","Clausocalanus furcatus"
"9109524a954439843a6a4c106a6ea173599c3f2e","Animalia","Arthropoda","Crustacea","Hexanauplia","Copepoda","Gymnoplea","Calanoida","Metridinidae","Metridia","Metridia pacifica"
"e93e9134a7052b15b285476eb226ef3557e062b1","Animalia","Arthropoda","Crustacea","Hexanauplia","Copepoda","Gymnoplea","Calanoida","Metridinidae","Metridia",""
"2ea9cff480d7da5d6489c0cddaf54f1902ac7cdc","Animalia","Arthropoda","Crustacea","Hexanauplia","Copepoda","Gymnoplea","Calanoida","Calanidae","",""
"7171b7d06f2220d0937ca447d56276f280db375e","Animalia","Arthropoda","Crustacea","Hexanauplia","Copepoda","Gymnoplea","Calanoida","Calanidae","",""
"78527a2893c62cfa7192dd0d82720760dfe1e4be","Animalia","Arthropoda","Crustacea","Hexanauplia","Copepoda","Gymnoplea","Calanoida","Metridinidae","Metridia",""
"fbd8715b731493fa1b4f27da86f9d97833cab43b","Animalia","Arthropoda","Crustacea","Hexanauplia","Copepoda","Gymnoplea","Calanoida","Clausocalanidae","Ctenocalanus","Ctenocalanus vanus"
"fd0ca71b3001de9e814e97a818880061c125c422","Animalia","Arthropoda","Crustacea","Hexanauplia","Copepoda","Gymnoplea","Calanoida","Clausocalanidae","Ctenocalanus","Ctenocalanus vanus"
"0eaee077305e906679bfe2c045e35be225a10679","Animalia","Arthropoda","Crustacea","Hexanauplia","Copepoda","Gymnoplea","Calanoida","","",""
"0fc5833ae8f02a25b9a9b8bca01fd28c37eca5fe","Animalia","Arthropoda","Crustacea","Hexanauplia","Copepoda","Gymnoplea","Calanoida","Metridinidae","Metridia",""
"1295a7f7caf39b7593642f94461700a96ad60ca1","Animalia","Arthropoda","Crustacea","Hexanauplia","Copepoda","Gymnoplea","Calanoida","Metridinidae","Metridia",""
"1961a54ae8714920699a36e34304bc18b8cb7d64","Animalia","Arthropoda","Crustacea","Hexanauplia","Copepoda","Gymnoplea","Calanoida","","",""
"5d5f5bec977677f4ad03b4054c22867334de51e7","Animalia","Arthropoda","Crustacea","Hexanauplia","Copepoda","Gymnoplea","Calanoida","","",""
"6773b839a748a8a081ab34eb36bab6fda52bbaa6","Animalia","Arthropoda","Crustacea","Hexanauplia","Copepoda","Gymnoplea","Calanoida","Metridinidae","Metridia","Metridia pacifica"
"7985f72096da214d0c241c4227257055e45b6a41","Animalia","Arthropoda","Crustacea","Hexanauplia","Copepoda","Gymnoplea","Calanoida","Metridinidae","Metridia","Metridia pacifica"
"86c010f9722f085ff6a570bb6fb326dc510308e6","Animalia","Arthropoda","Crustacea","Hexanauplia","Copepoda","Gymnoplea","Calanoida","","",""
"8c007ee742d281a07ff08ace82d01007ffb7accb","Animalia","Arthropoda","Crustacea","Hexanauplia","Copepoda","Gymnoplea","Calanoida","Metridinidae","Metridia","Metridia pacifica"
"938c384ae59e9819b7455b0388a13928bd0f4369","Animalia","Arthropoda","Crustacea","Hexanauplia","Copepoda","Gymnoplea","Calanoida","Metridinidae","Metridia",""
"9e55b0378945014a80fd07ccb9cfb98032d0fdbb","Animalia","Arthropoda","Crustacea","Hexanauplia","Copepoda","Gymnoplea","Calanoida","Metridinidae","Metridia",""
"214f416fa8468312c5645e7768eb8083d783ee8e","Animalia","Arthropoda","Crustacea","Hexanauplia","Copepoda","Gymnoplea","Calanoida","Metridinidae","Metridia",""
"2ad26def228598e711a33aa8efbdc744035a0301","Animalia","Arthropoda","Crustacea","Hexanauplia","Copepoda","Gymnoplea","Calanoida","Metridinidae","Metridia",""
"3d7ed47bb6351975fdf086c260c0d94b022235e0","Animalia","Arthropoda","Crustacea","Hexanauplia","Copepoda","Gymnoplea","Calanoida","Metridinidae","Metridia",""
"6428dbc074826e3612f35d81700c64af01447506","Animalia","Arthropoda","Crustacea","Hexanauplia","Copepoda","Gymnoplea","Calanoida","Centropagidae","",""
"6d6574e21e5d39252a80e75d342bc34d9af28c50","Animalia","Arthropoda","Crustacea","Hexanauplia","Copepoda","Gymnoplea","Calanoida","Clausocalanidae","Ctenocalanus","Ctenocalanus vanus"
"a09ad8f1e2916006098a4887a60948290d59879b","Animalia","Arthropoda","Crustacea","Hexanauplia","Copepoda","Gymnoplea","Calanoida","Temoridae","Temora",""
"d4298b85e9ec20c688de4810eafaf1e8f40b1921","Animalia","Arthropoda","Crustacea","Hexanauplia","Copepoda","Gymnoplea","Calanoida","Candaciidae","Candacia","Candacia truncata"
"de4768699980a1ff05d2538cc1ef666a179538df","Animalia","Arthropoda","Crustacea","Hexanauplia","Copepoda","Gymnoplea","Calanoida","Calanidae","Neocalanus",""
"0043e83893cae4b9efce1461a88599998f8c7deb","Animalia","Arthropoda","Crustacea","Hexanauplia","Copepoda","Gymnoplea","Calanoida","Calanidae","Calanus",""
"26c12f5ed9aaa97b66b7e46839e74a8be7460df6","Animalia","Arthropoda","Crustacea","Hexanauplia","Copepoda","Gymnoplea","Calanoida","","",""
"28047060a764c8d2f133476a3c1893291d007c2e","Animalia","Arthropoda","Crustacea","Hexanauplia","Copepoda","Gymnoplea","Calanoida","Calanidae","Calanus","Calanus helgolandicus"
"61af635972a2d31db0f45330a8a8233fb0a07979","Animalia","Arthropoda","Crustacea","Hexanauplia","Copepoda","Gymnoplea","Calanoida","","",""
"ae12152ddf02cca3106a942fcb5669a01989d713","Animalia","Arthropoda","Crustacea","Hexanauplia","Copepoda","Gymnoplea","Calanoida","Calanidae","Calanus",""
"d838bc80036d7e0848d2c5f1ba045e9ed6816757","Animalia","Arthropoda","Crustacea","Hexanauplia","Copepoda","Gymnoplea","Calanoida","Calanidae","Calanus",""
"df1706c1c1caecd79942e2e42288be889fb3897a","Animalia","Arthropoda","Crustacea","Hexanauplia","Copepoda","Gymnoplea","Calanoida","Calanidae","Calanus","Calanus helgolandicus"
"e79d4cbc596bf35394a92becae2aac8392c67205","Animalia","Arthropoda","Crustacea","Hexanauplia","Copepoda","Gymnoplea","Calanoida","Calanidae","Calanus",""
"ee3823ab4cc5af93535b60ba02588518fdd977af","Animalia","Arthropoda","Crustacea","Hexanauplia","Copepoda","Gymnoplea","Calanoida","Calanidae","Calanus",""
"f029a99b405c761f145cc54b3d442640962dff94","Animalia","Arthropoda","Crustacea","Hexanauplia","Copepoda","Gymnoplea","Calanoida","Calanidae","Calanus",""
"bb8afcd6931ae2193933da240c3d41cc30c246e2","Animalia","Arthropoda","Crustacea","Hexanauplia","Copepoda","Gymnoplea","Calanoida","","",""
"0cde59dd2ba3f54ba3475909b83bc5f9f3f0c7ef","Animalia","Arthropoda","Crustacea","Hexanauplia","Copepoda","Gymnoplea","Calanoida","Lucicutiidae","Lucicutia","Lucicutia longiserrata"
"15913acbea3248031e6aa893336fa38555635382","Animalia","Arthropoda","Crustacea","Hexanauplia","Copepoda","Gymnoplea","Calanoida","Calanidae","Calanus",""
"27ac552abeb2fa9885bf4a02f60cdc998b43c1f5","Animalia","Arthropoda","Crustacea","Hexanauplia","Copepoda","Gymnoplea","Calanoida","","",""
"4bfb02848541d5e35b5bbedb59ed3f1abacbad74","Animalia","Arthropoda","Crustacea","Hexanauplia","Copepoda","Gymnoplea","Calanoida","","",""
"88a5665b471f33c939f4798266fb8bc6007e5082","Animalia","Arthropoda","Crustacea","Hexanauplia","Copepoda","Gymnoplea","Calanoida","","",""
"971d71ff274bf68463802e6c3ce1479a814b1f81","Animalia","Arthropoda","Crustacea","Hexanauplia","Copepoda","Gymnoplea","Calanoida","Metridinidae","Pleuromamma",""
"d97e60da7a3760f9943fcb3e0700864dd67ac8d6","Animalia","Arthropoda","Crustacea","Hexanauplia","Copepoda","Gymnoplea","Calanoida","Calanidae","Calanus",""
"295c434c4794cfe11bf8ba787b5833de9b954714","Animalia","Arthropoda","Crustacea","Hexanauplia","Copepoda","Gymnoplea","Calanoida","","",""
"2a6c38af6bd28af93d07d5cc3a374609384b6243","Animalia","Arthropoda","Crustacea","Hexanauplia","Copepoda","Gymnoplea","Calanoida","Metridinidae","Pleuromamma",""
"2a864c47f33b64cf38569833e300dfb5f91d7a9f","Animalia","Arthropoda","Crustacea","Hexanauplia","Copepoda","Gymnoplea","Calanoida","Metridinidae","Metridia",""
"3714029bf9c58aec79de028607736498d94eb4ee","Animalia","Arthropoda","Crustacea","Hexanauplia","Copepoda","Gymnoplea","Calanoida","Calanidae","Calanus",""
"5deb6549901f4b97d27314980adb8eaeaf8ad671","Animalia","Arthropoda","Crustacea","Hexanauplia","Copepoda","Gymnoplea","Calanoida","Metridinidae","",""
"8181c1bf3ca9a9ddd709fdc58cc6472efe61afba","Animalia","Arthropoda","Crustacea","Hexanauplia","Copepoda","Gymnoplea","Calanoida","Metridinidae","Metridia","Metridia pacifica"
"81ce8e88a96ed6939c19de915ea79a219a6baf9d","Animalia","Arthropoda","Crustacea","Hexanauplia","Copepoda","Gymnoplea","Calanoida","Metridinidae","Metridia",""
"cd3c530ef545ed30ffb0388bcfeb94f78202ce55","Animalia","Arthropoda","Crustacea","Hexanauplia","Copepoda","Gymnoplea","Calanoida","Metridinidae","Metridia",""
"f83ac53ca559b59a7c4c8d561ade5bd127f62bbb","Animalia","Arthropoda","Crustacea","Hexanauplia","Copepoda","Gymnoplea","Calanoida","Rhincalanidae","Rhincalanus",""
"83deab8868dba56d6b836d8f338b212b6f721ad1","Animalia","Arthropoda","Crustacea","Hexanauplia","Copepoda","Gymnoplea","Calanoida","Metridinidae","Metridia","Metridia pacifica"
"1dbdecd2d878e60fddb0e0c6e63a25506d6affc5","Animalia","Arthropoda","Crustacea","Hexanauplia","Copepoda","Gymnoplea","Calanoida","Clausocalanidae","Clausocalanus","Clausocalanus furcatus"
"7bd843a8f256ab0c41046cb6d733bf745369f0f0","Animalia","Arthropoda","Crustacea","Hexanauplia","Copepoda","Gymnoplea","Calanoida","Calanidae","Calanus",""
"ae87cbef780f5f7d2f0b271301b9dda6e956549f","Animalia","Arthropoda","Crustacea","Hexanauplia","Copepoda","Gymnoplea","Calanoida","Calanidae","Calanus",""
"b12888b3a00e66c7052898c26b304b703d1ba2b3","Animalia","Arthropoda","Crustacea","Hexanauplia","Copepoda","Gymnoplea","Calanoida","Calanidae","Calanus",""
"dfabae748b998e481ea34a03110667dd98506216","Animalia","Arthropoda","Crustacea","Hexanauplia","Copepoda","Gymnoplea","Calanoida","","",""
"fb589a60c92b0441e463be0de3493b4058056548","Animalia","Arthropoda","Crustacea","Hexanauplia","Copepoda","Gymnoplea","Calanoida","","",""
"fc18ec5953e435dff4b767fedece7950abcbf684","Animalia","Arthropoda","Crustacea","Hexanauplia","Copepoda","Gymnoplea","Calanoida","","",""
"3981e4230f67261795266f1c6c06c15710ffd312","Animalia","Arthropoda","Crustacea","Hexanauplia","Copepoda","Gymnoplea","Calanoida","Calanidae","Calanus","Calanus helgolandicus"
"db4fca415c979bb2f27813230051357ea555e675","Animalia","Arthropoda","Crustacea","Hexanauplia","Copepoda","Gymnoplea","Calanoida","Calanidae","Calanus","Calanus helgolandicus"
"413f1906149a1c19fbf929b82e4cce2a96e6cf13","Animalia","Arthropoda","Crustacea","Hexanauplia","Copepoda","Gymnoplea","Calanoida","","",""
"8b727970884c675f81ffdef862a2cc55117cebc9","Animalia","Arthropoda","Crustacea","Hexanauplia","Copepoda","Gymnoplea","Calanoida","Calanidae","Calanus",""
"d1ae0576e2c55bf4e7be265ea9b125c9547bfd22","Animalia","Arthropoda","Crustacea","Hexanauplia","Copepoda","Gymnoplea","Calanoida","Calanidae","Calanus",""
"e300157b0162e5d049fb21c2274deb77fabe5a23","Animalia","Arthropoda","Crustacea","Hexanauplia","Copepoda","Gymnoplea","Calanoida","","",""
"2a24470d9f6f016d43a270ded06f52d73df93b2b","Animalia","Arthropoda","Crustacea","Hexanauplia","Copepoda","Podoplea","Cyclopoida","Oncaeidae","Oncaea","Oncaea mediterranea"
"388725f240f778bbad66a1a652b752a88fd3956a","Animalia","Arthropoda","Crustacea","Hexanauplia","Copepoda","Podoplea","Cyclopoida","Oithonidae","Oithona","Oithona similis"
"3ee6b510572d6e1b7383d68344ead7b479c01cb5","Animalia","Arthropoda","Crustacea","Hexanauplia","Copepoda","Podoplea","Cyclopoida","Oithonidae","Oithona",""
"6fa145cf354791b6a2fb07ea5364b6f760d72b72","Animalia","Arthropoda","Crustacea","Hexanauplia","Copepoda","Podoplea","Cyclopoida","Corycaeidae","Ditrichocorycaeus","Ditrichocorycaeus anglicus"
"8f7921169991363296cbef39f3d968cafbdfc591","Animalia","Arthropoda","Crustacea","Hexanauplia","Copepoda","Podoplea","Cyclopoida","Oithonidae","Oithona","Oithona similis"
"46f27f2f56e61a28864cdb558572ac9e8bdbb3c8","Animalia","Arthropoda","Crustacea","Hexanauplia","Copepoda","Podoplea","Cyclopoida","Oithonidae","Dioithona","Dioithona oculata"
"8a0f626ac39dbf2bba4f983d8f13c759e59b0051","Animalia","Arthropoda","Crustacea","Hexanauplia","Copepoda","Podoplea","Cyclopoida","Oithonidae","Dioithona","Dioithona oculata"
"18dfe265d38adbfeea52be9eedda03036f882f25","Animalia","Arthropoda","Crustacea","Hexanauplia","Copepoda","Podoplea","Cyclopoida","Corycaeidae","Corycaeus","Corycaeus speciosus"
"af7c3cd7c1f1644a782374f373e6f440d79c1802","Animalia","Arthropoda","Crustacea","Hexanauplia","Copepoda","Podoplea","Cyclopoida","Corycaeidae","Ditrichocorycaeus","Ditrichocorycaeus anglicus"
"b575e1cd6fdbfbac8d3566650b897774177bb387","Animalia","Arthropoda","Crustacea","Malacostraca","Eumalacostraca","Peracarida","Mysida","Mysidae","Erythrops",""
"c39c73867fce08524ef43e0486ca8318a83ff0a2","Animalia","Arthropoda","Crustacea","Malacostraca","Eumalacostraca","Eucarida","Decapoda","Sergestidae","Deosergestes","Deosergestes corniculum"
"4f72fb573438f8d4e0bdaf895754b6e506c0a61f","Animalia","Arthropoda","Crustacea","Malacostraca","Eumalacostraca","Eucarida","Decapoda","Acanthephyridae","Acanthephyra",""
"0ed20c8d7359bae11c8eaff2c1f408e72780eea6","Animalia","Arthropoda","Crustacea","Malacostraca","Eumalacostraca","Eucarida","Euphausiacea","Euphausiidae","",""
"1fd0cca87a452616bd107a2dba731bf07d51aeef","Animalia","Arthropoda","Crustacea","Malacostraca","Eumalacostraca","Eucarida","Euphausiacea","Euphausiidae","",""
"2f9a39c8d8b69f7eedcd3582326b652370ce2ab1","Animalia","Arthropoda","Crustacea","Malacostraca","Eumalacostraca","Eucarida","Euphausiacea","Euphausiidae","",""
"3907c0c3540893fea852cf1e2e15ee876e097dc1","Animalia","Arthropoda","Crustacea","Malacostraca","Eumalacostraca","Eucarida","Euphausiacea","Euphausiidae","",""
"7058329838365cb375806f2cef16b428e1910d10","Animalia","Arthropoda","Crustacea","Malacostraca","Eumalacostraca","Eucarida","Euphausiacea","Euphausiidae","",""
"4381731c35dd49f2a00824effdd5222c6a948473","Animalia","Arthropoda","Crustacea","Malacostraca","Eumalacostraca","Eucarida","Euphausiacea","Euphausiidae","",""
"5594a06319720f7c869a0ba975b46017d8cb0c3e","Animalia","Arthropoda","Crustacea","Malacostraca","Eumalacostraca","Eucarida","Euphausiacea","Euphausiidae","",""
"ce3d9344f2d555f0c3ee9b58f6fdf483b88e66f3","Animalia","Arthropoda","Crustacea","Malacostraca","Eumalacostraca","Eucarida","Euphausiacea","Euphausiidae","",""
"24a511e69768d46f911d90afe72d879e94c6540c","Animalia","Arthropoda","Crustacea","Malacostraca","Eumalacostraca","Eucarida","Euphausiacea","Euphausiidae","",""
"5de8320dd52839006fa55b8e9e94758699aab65f","Animalia","Arthropoda","Crustacea","Malacostraca","Eumalacostraca","Eucarida","Euphausiacea","Euphausiidae","",""
"aebb382d4540e5661dc970449fca543d204d4c40","Animalia","Arthropoda","Crustacea","Malacostraca","Eumalacostraca","Eucarida","Euphausiacea","Euphausiidae","",""
"e7589c07e7beafa7dfe57b1dcb8912d0fdaf3a1b","Animalia","Arthropoda","Crustacea","Malacostraca","Eumalacostraca","Eucarida","Euphausiacea","Euphausiidae","",""
"f04fb6cf4adaa9b9ee704fd4f94f4bfa689b3ca2","Animalia","Arthropoda","Crustacea","Malacostraca","Eumalacostraca","Eucarida","Euphausiacea","Euphausiidae","",""
"1ab6c87e08609252082e76d4529b725243d7bcbd","Animalia","Arthropoda","Crustacea","Malacostraca","Eumalacostraca","Eucarida","Euphausiacea","Euphausiidae","",""
"3be2bdec6ff893aef4e922c29ce9b4a2437c5a0c","Animalia","Arthropoda","Crustacea","Malacostraca","Eumalacostraca","Eucarida","Euphausiacea","Euphausiidae","",""
"89222090484da3a5159594813574884516fcb48f","Animalia","Arthropoda","Crustacea","Malacostraca","Eumalacostraca","Eucarida","Euphausiacea","Euphausiidae","",""
"b312ef3a1eba63ec963e44da67e1c79719a7a107","Animalia","Arthropoda","Crustacea","Malacostraca","Eumalacostraca","Eucarida","Euphausiacea","Euphausiidae","",""
"d2c9e332dea47f29dd4b5d3c9782b92de2108c27","Animalia","Arthropoda","Crustacea","Malacostraca","Eumalacostraca","Eucarida","Euphausiacea","Euphausiidae","",""
"dd94063b86ce8053a004def29f6e9cc3c7d788bf","Animalia","Arthropoda","Crustacea","Malacostraca","Eumalacostraca","Eucarida","Euphausiacea","Euphausiidae","",""
"f80c9ac9e930e3ee8ad700807de7b78b61dbe98e","Animalia","Arthropoda","Crustacea","Malacostraca","Eumalacostraca","Eucarida","Euphausiacea","Euphausiidae","",""
"cf496cdc8ee1b73dd609292097b080a1e7c99174","Animalia","Arthropoda","Crustacea","Malacostraca","Eumalacostraca","Eucarida","Euphausiacea","Euphausiidae","",""
"a0b25ec8bc1b47845c86c327f09071b56f74bc71","Animalia","Arthropoda","Crustacea","Malacostraca","Eumalacostraca","Eucarida","Euphausiacea","Euphausiidae","",""
"e4d308e24c033d3ea45889ff4110a8858b844cd1","Animalia","Arthropoda","Crustacea","Malacostraca","Eumalacostraca","Eucarida","Euphausiacea","Euphausiidae","",""
"234dd75328f0d517e692f681c0fe0dad151f13f8","Animalia","Arthropoda","Crustacea","Malacostraca","Eumalacostraca","Eucarida","Euphausiacea","Euphausiidae","",""
"3858704a152c51ee22bbc76d9a6eb9d861f3fd61","Animalia","Arthropoda","Crustacea","Malacostraca","Eumalacostraca","Eucarida","Euphausiacea","Euphausiidae","",""
"6efa2c96be48c4e8c62e9900df36757df266da56","Animalia","Arthropoda","Crustacea","Malacostraca","Eumalacostraca","Eucarida","Euphausiacea","Euphausiidae","",""
"8687242e5d03cda2f20bccf79839a414017f7d39","Animalia","Arthropoda","Crustacea","Malacostraca","Eumalacostraca","Eucarida","Euphausiacea","Euphausiidae","",""
"8ab1a1924825110056d1cf258323bff0b8456e18","Animalia","Arthropoda","Crustacea","Malacostraca","Eumalacostraca","Eucarida","Euphausiacea","Euphausiidae","",""
"8f0480f71055cf11a2156bb14b1083447b039090","Animalia","Arthropoda","Crustacea","Malacostraca","Eumalacostraca","Eucarida","Euphausiacea","Euphausiidae","",""
"a83f2374a032ceb8b120b908a1b88704e12b05d5","Animalia","Arthropoda","Crustacea","Malacostraca","Eumalacostraca","Eucarida","Euphausiacea","Euphausiidae","",""
"ea453d9d07912bdfc5e58a4563c1056d46578de3","Animalia","Arthropoda","Crustacea","Malacostraca","Eumalacostraca","Eucarida","Euphausiacea","Euphausiidae","",""
"fe35a5f74808ab164c76f30f6dccf4747e8cd2b5","Animalia","Arthropoda","Crustacea","Malacostraca","Eumalacostraca","Eucarida","Euphausiacea","Euphausiidae","",""
"03676dfeb509dd7a10efdb9ea75c332304d65559","Animalia","Arthropoda","Crustacea","Malacostraca","Eumalacostraca","Eucarida","Euphausiacea","Euphausiidae","",""
"26a663bed225e16b3a6cdaea9ae96e2a4d151da7","Animalia","Arthropoda","Crustacea","Malacostraca","Eumalacostraca","Eucarida","Euphausiacea","Euphausiidae","",""
"2cb5a3636746be18b043f5d47d88a8a97b946131","Animalia","Arthropoda","Crustacea","Malacostraca","Eumalacostraca","Eucarida","Euphausiacea","Euphausiidae","",""
"e2594ea51eb07a2e5d672a178be8a7b7ae7b67bb","Animalia","Arthropoda","Crustacea","Malacostraca","Eumalacostraca","Eucarida","Euphausiacea","Euphausiidae","",""
"299f23962de027dd51e028fca01125b9f4ddf10e","Animalia","Arthropoda","Crustacea","Malacostraca","Eumalacostraca","Eucarida","Euphausiacea","Euphausiidae","",""
"02aee835d579ca91ab0c6aea5b6cf69a287fa7e5","Animalia","Arthropoda","Crustacea","Malacostraca","Eumalacostraca","Eucarida","Euphausiacea","Euphausiidae","",""
"034fb0f8c6c0f9ebee3d4c8f61d9cc8dde4bb0f9","Animalia","Arthropoda","Crustacea","Malacostraca","Eumalacostraca","Eucarida","Euphausiacea","Euphausiidae","",""
"e74dcf29011a23640644de68b43386d0fee5f87a","Animalia","Arthropoda","Crustacea","Malacostraca","Eumalacostraca","Eucarida","Euphausiacea","Euphausiidae","",""
"7a5076afda3c4bbdb045196fafc6cd2efc683e7b","Animalia","Arthropoda","Crustacea","Malacostraca","Eumalacostraca","Eucarida","Euphausiacea","Euphausiidae","",""
"f2336bc64838dd0387dadefdebf6661114aff2be","Animalia","Arthropoda","Crustacea","Malacostraca","Eumalacostraca","Eucarida","Euphausiacea","Euphausiidae","",""
"5790380be5e34050a717e6fa1b3baf78f517f614","Animalia","Arthropoda","Crustacea","Malacostraca","Eumalacostraca","Eucarida","Euphausiacea","Euphausiidae","",""
